"Language","original","english","czech","german","russian","polish","hungarian","italian","spanish","french","chinese","japanese","portuguese","chinesesimp",
"str_printer_get_language","0","0","1","2","3","4","5","6","7","8","9","10","11","12",
"str_usb","USB","USB","USB","USB","USB","USB","USB","USB","USB","USB","USB","USB","USB","USB",
"str_filament","Filament","Filament","Vlákno","Filament","Нити","Włókno","Szál","Filamento","Filamento","Filament","灯丝","フィラメント","Filamento","灯丝",
"str_3dmodelfolder","3D Model Folder","3D Model Folder","Složka 3D modelu","3D -Modellordner","3D -модель папка","Folder modelu 3D","3D -s modell mappa","Cartella modello 3D","Carpeta de modelo 3D","Dossier modèle 3D","3D模型文件夹","3Dモデルフォルダー","Pasta do modelo 3D","3D模型文件夹",
"str_3dprinterkitbase","3D Printer Kit Base","3D Printer Kit Base","3D základna tiskárny","3D -Drucker -Kit -Basis","Основание набора 3D -принтеров","Baza zestawu do drukarki 3D","3D nyomtatókészlet alap","Base kit di stampanti 3D","Base de kit de impresora 3D","Base de kit d'imprimante 3D","3D打印机套件基础","3Dプリンターキットベース","Base de kit de impressora 3D","3D打印机套件基础",
"str_baseentitywarning","THIS IS A BASE ENTITY. DO NOT SPAWN IT OR USE IT.","THIS IS A BASE ENTITY. DO NOT SPAWN IT OR USE IT.","Toto je základní entita. Nevytvářejte to ani jej nepoužívejte.","Dies ist eine Basiseinheit. Laiche es nicht oder benutze es.","Это базовая сущность. Не породите его и не используйте.","To jest istota podstawowa. Nie odradzaj go ani nie używaj.","Ez egy alap entitás. Ne szedje és ne használja.","Questa è un'entità base. Non generare o usarlo.","Esta es una entidad base. No lo engendre ni lo use.","Il s'agit d'une entité de base. Ne le frayez pas et ne l'utilisez pas.","这是一个基本实体。不要生存或使用它。","これは基本エンティティです。スポーンしたり、使用したりしないでください。","Esta é uma entidade base. Não gera ou use.","这是一个基本实体。不要生存或使用它。",
"str_3dprinterkit","3D Printer Kit","3D Printer Kit","Kit 3D tiskárny","3D -Drucker -Kit","3D Printer Kit","Zestaw do drukarki 3D","3D nyomtatókészlet","Kit stampante 3D","Kit de impresora 3D","Kit d'imprimante 3D","3D打印机套件","3Dプリンターキット","Kit de impressora 3D","3D打印机套件",
"str_3dprinterkitdesc","3D Printer Kit. (Made by rustic.)","3D Printer Kit. (Made byrustic.)","Kit 3D tiskárny. (Vyrobenorustic.)","3D -Drucker -Kit. (Gemacht vonrustic.)","3D Printer Kit. (Сделаноrustic.)","Zestaw do drukarki 3D. (Wykonane przezrustic.)","3D nyomtatókészlet. (Készítetterustic.)","Kit stampante 3D. (Realizzato darustic.)","Kit de impresora 3D. (Hecho porrustic.)","Kit d'imprimante 3D. (Fabriqué parrustic.)","3D打印机套件。 （由rustic.）","3Dプリンターキット。 （製造rustic.））","Kit de impressora 3D. (Feito porrustic.)","3D打印机套件。 （由rustic.）",
"str_3dprinterkit1000","3D Printer Kit (1000 Slots)","3D Printer Kit (1000 Slots)","Kit 3D tiskárny (1000 slotů)","3D -Drucker -Kit (1000 Slots)","3D Printer Kit (1000 слотов)","Zestaw do drukarki 3D (1000 gniazd)","3D nyomtatókészlet (1000 rés)","Kit stampante 3D (1000 slot)","Kit de impresora 3D (1000 ranuras)","Kit d'imprimante 3D (1000 emplacements)","3D打印机套件（1000个插槽）","3Dプリンターキット（1000スロット）","Kit de impressora 3D (1000 slots)","3D打印机套件（1000个插槽）",
"str_3dprinterkit1000desc","3D Printer Kit. (1000 Slots) (Made by rustic.)","3D Printer Kit. (1000 Slots) (Made byrustic.)","Kit 3D tiskárny. (1000 slotů) (vyrobenorustic.)","3D -Drucker -Kit. (1000 Slots) (gemacht vonrustic.)","3D Printer Kit. (1000 слотов) (сделаноrustic.)","Zestaw do drukarki 3D. (1000 automatów) (wykonane przezrustic.)","3D nyomtatókészlet. (1000 rés) (készítette:rustic.)","Kit stampante 3D. (1000 slot) (realizzato darustic.)","Kit de impresora 3D. (1000 espacios) (hecho porrustic.)","Kit d'imprimante 3D. (1000 emplacements) (fabriqué parrustic.)","3D打印机套件。 （1000个插槽）（由rustic.）","3Dプリンターキット。 （1000スロット）（製造rustic.））","Kit de impressora 3D. (1000 slots) (feito porrustic.)","3D打印机套件。 （1000个插槽）（由rustic.）",
"str_filingcabinetkit","Filing Cabinet Kit","Filing Cabinet Kit","Souprava skříně","Kabinettsetkabine","КОМПЛЕКТ ПИСЬМО","Zestaw gabinetu","Iratszekrény","Kit di archiviazione","Kit de archivador","Kit de classeur","档案柜套件","ファイリングキャビネットキット","Kit de arquivamento do gabinete","档案柜套件",
"str_filingcabinetkitdesc","Filing Cabinet Kit. (Made by rustic.)","Filing Cabinet Kit. (Made byrustic.)","Souprava skříně. (Vyrobenorustic.)","Kabinettsetkabine. (Gemacht vonrustic.)","КОМПЛЕКТ ПИСЬМО. (Сделаноrustic.)","Zestaw gabinetu. (Wykonane przezrustic.)","Idényszekrény -készlet. (Készítetterustic.)","Kit di archiviazione. (Realizzato darustic.)","Kit de archivado. (Hecho porrustic.)","Kit de classement. (Fabriqué parrustic.)","档案柜套件。 （由rustic.）","ファイリングキャビネットキット。 （製造rustic.））","Kit de arquivamento do gabinete. (Feito porrustic.)","档案柜套件。 （由rustic.）",
"str_3dmodelusb","3D Model USB","3D Model USB","3D model USB","3D -Modell USB","3D модель USB","Model 3D USB","3D -s usb modell","Modello 3D USB","Modelo 3D USB","Modèle 3D USB","3D模型USB","3DモデルUSB","Modelo 3D USB","3D模型USB",
"str_3dmodelusbdesc","A USB to store 3D Model files for the 3D Printer. (Made by rustic.)","A USB to store 3D Model files for the 3D Printer. (Made byrustic.)","USB pro uložení 3D modelů pro 3D tiskárnu. (Vyrobenorustic.)","Ein USB zum Speichern von 3D -Modelldateien für den 3D -Drucker. (Gemacht vonrustic.)","USB для хранения файлов 3D модели для 3D -принтера. (Сделаноrustic.)","USB do przechowywania plików modeli 3D dla drukarki 3D. (Wykonane przezrustic.)","USB a 3D -s modell fájlok tárolására a 3D nyomtatóhoz. (Készítetterustic.)","Un USB per archiviare i file del modello 3D per la stampante 3D. (Realizzato darustic.)","Un USB para almacenar archivos de modelo 3D para la impresora 3D. (Hecho porrustic.)","Un USB pour stocker des fichiers de modèle 3D pour l'imprimante 3D. (Fabriqué parrustic.)","一个用于存储3D打印机的3D模型文件的USB。 （由rustic.）","3Dプリンター用の3Dモデルファイルを保存するUSB​​。 （製造rustic.））","Um USB para armazenar arquivos de modelo 3D para a impressora 3D. (Feito porrustic.)","一个用于存储3D打印机的3D模型文件的USB。 （由rustic.）",
"str_3dprinter","3D Printer","3D Printer","3D tiskárna","3D -Drucker","3D принтер","Drukarka 3D","3D nyomtató","Stampante 3D","Impresora 3D","Imprimante 3D","3D打印机","3Dプリンター","Impressora 3D","3D打印机",
"str_3dprinterdesc","3D Printer - Prints objects from blueprints. (Made by rustic.)","3D Printer - Prints objects from blueprints. (Made byrustic.)","3D tiskárna - tiskne objekty z plánů. (Vyrobenorustic.)","3D -Drucker - druckt Objekte aus Blaupausen. (Gemacht vonrustic.)","3D -принтер - печатает объекты из чертежей. (Сделаноrustic.)","Drukarka 3D - drukuje obiekty z planów. (Wykonane przezrustic.)","3D nyomtató - objektumokat nyomtat a tervrajzokból. (Készítetterustic.)","Stampante 3D - Stampa oggetti da progetti. (Realizzato darustic.)","Impresora 3D: imprime objetos de BluePrints. (Hecho porrustic.)","Imprimante 3D - Imprime les objets de Blueprints. (Fabriqué parrustic.)","3D打印机 - 从蓝图打印对象。 （由rustic.）","3Dプリンター - 青写真からオブジェクトを印刷します。 （製造rustic.））","Impressora 3D - Imprime objetos de projetos. (Feito porrustic.)","3D打印机 - 从蓝图打印对象。 （由rustic.）",
"str_filingcabinet","Filing Cabinet","Filing Cabinet","Podání skříně","Kabinett","Шкаф для подачи","Gabinet","Iratszekrény","Mobile di archiviazione","Archivador","Classeur","档案柜","ファイリングキャビネット","Gabinete de arquivamento","档案柜",
"str_filingcabinetdesc","Filing Cabinet - Stores 3D Model Folders (Made by rustic.)","Filing Cabinet - Stores 3D Model Folders (Made byrustic.)","Filing Cabinet - Ukládá složky 3D modelu (vyrobené odrustic.)","Aktenschrank - Speichert 3D -Modellordner (hergestellt vonrustic.)","Шкаф для регистрации - хранит 3D -модели папки (сделанныеrustic.)","Gabinet z dokumentami - przechowuje foldery modelu 3D (wykonane przezrustic.)","Idénykabinet - tárolja a 3D -s modell mappákat (készítette:rustic.)","Armadio di archiviazione - Stores 3D Cartelle di modello (realizzate darustic.)","Archivo de archivos - tiendas carpetas de modelo 3D (hechas porrustic.)","Classeur - stocke les dossiers de modèles 3D (fabriqués parrustic.)","文件柜 - 存储3D型号文件夹（由rustic.）","ファイリングキャビネット-3Dモデルフォルダー（製造rustic.））","Gabinete de arquivamento - armazena pastas do modelo 3D (feita porrustic.)","文件柜 - 存储3D型号文件夹（由rustic.）",
"str_drawer1","Drawer 1","Drawer 1","Zásuvka 1","Schublade 1","Ящик 1","Szuflada 1","1. fiók","Cassetto 1","Cajón 1","Tiroir 1","抽屉1","引き出し1","Gaveta 1","抽屉1",
"str_drawer2","Drawer 2","Drawer 2","Zásuvka 2","Schublade 2","Ящик 2","Szuflada 2","2. fiók","Cassetto 2","Cajón 2","Tiroir 2","抽屉2","引き出し2","Gaveta 2","抽屉2",
"str_drawer3","Drawer 3","Drawer 3","Zásuvka 3","Schublade 3","Ящик 3","Szuflada 3","3. fiók","Cassetto 3","Cajón 3","Tiroir 3","抽屉3","引き出し3","Gaveta 3","抽屉3",
"str_printermenu_title","3D Printer - Print High Quality Objects","3D Printer - Print High Quality Objects","3D tiskárna - Tisk vysoce kvalitních objektů","3D -Drucker - hochwertige Objekte drucken","3D -принтер - распечатать высококачественные объекты","Drukarka 3D - wydrukuj obiekty wysokiej jakości","3D nyomtató - Kiváló minőségű objektumok nyomtatása","Stampante 3D - Stampa oggetti di alta qualità","Impresora 3D: imprima objetos de alta calidad","Imprimante 3D - Imprimer des objets de haute qualité","3D打印机 - 打印高质量的物体","3Dプリンター - 高品質のオブジェクトを印刷します","Impressora 3D - Imprimir objetos de alta qualidade","3D打印机 - 打印高质量的物体",
"str_printermenu_queue_printing","Print Queue ({0}) - Printing","Print Queue ({0}) - Printing","Print Queue ({0}) - tisk","Warteschlange drucken ({0}) - Drucken","Печать очередь ({0}) - печать","Drukuj kolejkę ({0}) - drukowanie","Nyomtatási sor ({0}) - Nyomtatás","Print queue ({0}) - stampa","Imprimir cola ({0}) - Impresión","File d'attente d'impression ({0}) - impression","打印队列（{0}） - 打印","印刷キュー（{0}） - 印刷","Imprimir fila ({0}) - Impressão","打印队列（{0}） - 打印",
"str_printermenu_queue_paused","Print Queue ({0}) - Paused","Print Queue ({0}) - Paused","Print Queue ({0}) - pozastavená","Warteschlange drucken ({0}) - Pause","Печать очередь ({0}) - приостановлен","Drukuj kolejkę ({0}) - przerwa","Nyomtatási sor ({0}) - szüneteltetés","Print queue ({0}) - pausa","Imprimir cola ({0}) - Paused","Print Fitre ({0}) - USAUDE","打印队列（{0}） - 暂停","Queue（{0}） - 一時停止","Print Fileue ({0}) - parado","打印队列（{0}） - 暂停",
"str_printermenu_queue_empty","Print Queue (Empty)","Print Queue (Empty)","Tisk fronty (prázdná)","Warteschlange drucken (leer)","Печать очередь (пусто)","Drukuj kolejka (pusta)","Nyomtatási sor (üres)","Print coda (vuota)","Impresión de cola (vacía)","File d'attente d'impression (vide)","打印队列（空）","キューを印刷する（空）","Fila de impressão (vazio)","打印队列（空）",
"str_printermenu_no_models","No Models Installed. Please Install one to start printing.","No Models Installed. Please Install one to start printing.","Nainstalované žádné modely. Nainstalujte prosím jeden pro zahájení tisku.","Keine Modelle installiert. Bitte installieren Sie eine, um mit dem Drucken zu beginnen.","Модели не установлены. Пожалуйста, установите один, чтобы начать печать.","Brak zainstalowanych modeli. Zainstaluj jeden, aby rozpocząć drukowanie.","Nincs telepítve modell. Kérjük, telepítsen egyet a nyomtatás megkezdéséhez.","Nessun modello installato. Si prega di installare uno per avviare la stampa.","No hay modelos instalados. Instale uno para comenzar a imprimir.","Aucun modèle installé. Veuillez en installer un pour commencer l'impression.","没有安装模型。请安装一个开始打印。","モデルはインストールされていません。印刷を開始するには、インストールしてください。","Nenhum modelo instalado. Por favor, instale um para começar a imprimir.","没有安装模型。请安装一个开始打印。",
"str_printermenu_no_usb","No USB Installed. Please Install one to start printing.","No USB Installed. Please Install one to start printing.","Nainstalováno žádné USB. Nainstalujte prosím jeden pro zahájení tisku.","Kein USB installiert. Bitte installieren Sie eine, um mit dem Drucken zu beginnen.","Не установлен USB. Пожалуйста, установите один, чтобы начать печать.","Brak zainstalowanego USB. Zainstaluj jeden, aby rozpocząć drukowanie.","Nincs telepítve USB. Kérjük, telepítsen egyet a nyomtatás megkezdéséhez.","Nessun USB installato. Si prega di installare uno per avviare la stampa.","No hay USB instalado. Instale uno para comenzar a imprimir.","Aucun USB installé. Veuillez en installer un pour commencer l'impression.","没有安装USB。请安装一个开始打印。","USBはインストールされていません。印刷を開始するには、インストールしてください。","Nenhum USB instalado. Por favor, instale um para começar a imprimir.","没有安装USB。请安装一个开始打印。",
"str_printermenu_start","Add to Queue","Add to Queue","Přidat do fronty","In die Warteschlange hinzufügen","Добавить в очередь","Dodaj do kolejki","Hozzáadás a sorhoz","Aggiungi alla coda","Agregar a la cola","Ajouter à la file d'attente","添加到队列","キューに追加します","Adicione à fila","添加到队列",
"str_printermenu_resume","Resume Queue","Resume Queue","Obnovit frontu","Wiederaufnahme der Warteschlange","Резюме очередь","Wznowić kolejkę","Folytassa a várólistát","Riprendi la coda","Reanudar la cola","Fixe de curriculum vitae","恢复队列","キューを再開します","Retomar a fila","恢复队列",
"str_printermenu_stop","Stop Print","Stop Print","Zastavte tisk","Drucken stoppen","Остановите печать","Zatrzymaj druk","A nyomtatás megállítása","Smettere di stampa","Impresión de parada","Stop imprimer","停止打印","印刷を停止します","Pare de imprimir","停止打印",
"str_printermenu_clear_queue","Clear Queue","Clear Queue","Jasná fronta","Klare Warteschlange","Чистая очередь","Wyraźna kolejka","Egyértelmű sor","Coda chiara","Cola clara","File d'attente claire","清除队列","キューをクリアします","Fila clara","清除队列",
"str_printermenu_remove_from_queue","Remove from Queue","Remove from Queue","Vyjměte z fronty","Aus der Warteschlange nehmen","Удалить из очереди","Wyjmij z kolejki","Távolítsa el a sorból","Togliere dalla coda","Retirar de la cola","Supprimer de la file d'attente","从队列中取出","キューから取り外します","Retire da fila","从队列中取出",
"str_printermenu_filament_tier","Filament Tier: ","Filament Tier:","Vrchol vlákna:","Filamentstufe:","Уровень нити:","Warunki filamentu:","Szálaműszál:","Tier del filamento:","Nivel de filamento:","Tier filamentaire:","灯丝层：","フィラメント層：","Nível de filamento:","灯丝层：",
"str_printermenu_filament_amount","Filament Amount: ","Filament Amount:","Částka vlákna:","Filamentmenge:","Сумма нити:","Kwota filamentu:","Szálamérő összege:","Importo del filamento:","Cantidad del filamento:","Montant du filament:","细丝金额：","フィラメント量：","Valor do filamento:","细丝金额：",
"str_printermenu_select","Select Blueprint","Select Blueprint","Vyberte Blueprint","Wählen Sie Blueprint","Выберите Blueprint","Wybierz plan","Válassza ki a BLUEPRint lehetőséget","Seleziona il progetto","Seleccionar BluePrint","Sélectionnez Blueprint","选择蓝图","BluePrintを選択します","Selecione Blueprint","选择蓝图",
"str_dismantle","Dismantle","Dismantle","Demontovat","Demontieren","Демонтировать","Zdemontować","Szétszerel","Smantellare","Desmantelar","Démanteler","拆除","解体します","Desmantelar","拆除",
"str_open_printer_menu","Open Printer Menu","Open Printer Menu","Otevřená nabídka tiskárny","Öffnen Sie das Druckermenü","Открытое меню принтера","Otwórz menu drukarki","Nyissa meg a nyomtató menüt","Apri menu della stampante","Abrir menú de impresora","Ouvrir le menu de l'imprimante","打开打印机菜单","プリンターメニューを開きます","Abra o menu da impressora","打开打印机菜单",
"str_folder_desc","3D Model Folder - Stored Model: ","3D Model Folder - Stored Model:","Složka 3D modelu - uložený model:","3D -Modellordner - gespeichertes Modell:","Папка 3D -модели - сохранившаяся модель:","Folder modelu 3D - Model przechowywany:","3D modell mappa - tárolt modell:","Cartella modello 3D - Modello memorizzato:","Carpeta de modelo 3D - Modelo almacenado:","Dossier du modèle 3D - Modèle stocké:","3D模型文件夹 - 存储的模型：","3Dモデルフォルダー - 保存されたモデル：","Pasta do modelo 3D - Modelo armazenado:","3D模型文件夹 - 存储的模型：",
"str_folder_name","3D Model Folder - ","3D Model Folder -","Složka 3D modelu -","3D -Modellordner -","3D -модель папка -","Folder modelu 3D -","3D modell mappa -","Cartella modello 3D -","Carpeta de modelo 3D -","Dossier modèle 3D -","3D模型文件夹 -","3Dモデルフォルダー -","Pasta do modelo 3D -","3D模型文件夹 -",
"str_printer_notification_title","3D Printer Notification","3D Printer Notification","Oznámení 3D tiskárny","3D -Druckerbenachrichtigung","3D -принтер уведомление","Powiadomienie o drukarce 3D","3D nyomtató értesítés","Notifica della stampante 3D","Notificación de impresora 3D","Notification de l'imprimante 3D","3D打印机通知","3Dプリンター通知","Notificação da impressora 3D","3D打印机通知",
"str_printer_queue_added","Item added to print queue - {0}","Item added to print queue - {0}","Položka přidána do tiskové fronty - {0}","Element hinzugefügt, um die Warteschlange zu drucken - {0}","Элемент добавлен в очередь печати - {0}","Element dodany do kolejki drukowania - {0}","Tétel hozzáadva a nyomtatási sorhoz - {0}","Elemento aggiunto alla coda di stampa - {0}","Artículo agregado a la cola de impresión - {0}","Élément ajouté à l'imprimé file d'attente - {0}","添加到打印队列的项目 -  {0}","印刷キューに追加されたアイテム -  {0}","Item adicionado à fila de impressão - {0}","添加到打印队列的项目 -  {0}",
"str_printer_queue_removed","Item removed from print queue - {0}","Item removed from print queue - {0}","Položka odstraněna z tiskové fronty - {0}","Element aus Druckwarteschlange entfernt - {0}","Элемент удален из очереди печати - {0}","Pozycja usunięta z kolejki drukowania - {0}","Az elem eltávolítva a nyomtatási sorból - {0}","Elemento rimosso dalla coda di stampa - {0}","Artículo eliminado de la cola de impresión - {0}","Élément supprimé de la file d'attente d'impression - {0}","从打印队列中删除的项目 -  {0}","印刷キューから削除されたアイテム -  {0}","Item removido da fila de impressão - {0}","从打印队列中删除的项目 -  {0}",
"str_printer_queue_cleared","Print queue cleared.","Print queue cleared.","Vyčistila se fronta tisku.","Druckwarteschlange gelöscht.","Печатная очередь очищена.","Oczyszczona kolejka do wydruku.","A nyomtatási sor törölt.","Stampa la coda cancellata.","Impresión de la cola despejada.","La file d'attente imprimée effacée.","打印队列清除。","キューをプリントしました。","Fila de impressão limpa.","打印队列清除。",
"str_printer_no_power","No power! Please plug the 3D Printer into an active power source before printing!","No power! Please plug the 3D Printer into an active power source before printing!","Žádná síla! Před tiskem prosím připojte 3D tiskárnu do aktivního zdroje energie!","Keine Kraft! Bitte schließen Sie den 3D -Drucker vor dem Drucken in eine aktive Stromquelle an!","Нет силы! Пожалуйста, подключите 3D -принтер к активному источнику питания перед печати!","Brak mocy! Przed wydrukowaniem podłącz drukarkę 3D do aktywnego źródła zasilania!","Nincs hatalom! Kérjük, nyomtatás előtt csatlakoztassa a 3D nyomtatót egy aktív áramforrásba!","Nessun potere! Si prega di collegare la stampante 3D a una fonte di alimentazione attiva prima della stampa!","¡No hay poder! ¡Conecte la impresora 3D en una fuente de alimentación activa antes de imprimir!","Pas de pouvoir! Veuillez brancher l'imprimante 3D sur une source d'alimentation active avant d'imprimer!","没有力量！打印之前，请将3D打印机插入活动电源！","パワーはありません！印刷する前に、3Dプリンターをアクティブな電源に接続してください！","Sem poder! Por favor, conecte a impressora 3D a uma fonte de energia ativa antes de imprimir!","没有力量！打印之前，请将3D打印机插入活动电源！",
"str_printer_no_usb","USB not installed! Please install a USB before trying to start a print job.","USB not installed! Please install a USB before trying to start a print job.","USB není nainstalován! Před pokusem o zahájení tiskové úlohy nainstalujte USB.","USB nicht installiert! Bitte installieren Sie einen USB, bevor Sie versuchen, einen Druckauftrag zu starten.","USB не установлен! Пожалуйста, установите USB, прежде чем попытаться начать работу печати.","USB nie zainstalowane! Zainstaluj USB przed próbą rozpoczęcia pracy drukowania.","Az USB nem telepítve! Kérjük, telepítsen egy USB -t, mielőtt megpróbálna nyomtatási munkát elindítani.","USB non installato! Si prega di installare un USB prima di provare a avviare un lavoro di stampa.","USB no instalado! Instale un USB antes de intentar iniciar un trabajo de impresión.","USB non installé! Veuillez installer un USB avant d'essayer de démarrer un travail d'impression.","USB未安装！在尝试开始打印作业之前，请安装USB。","USBがインストールされていません！印刷ジョブを開始しようとする前に、USBをインストールしてください。","USB não instalado! Instale um USB antes de tentar iniciar um trabalho de impressão.","USB未安装！在尝试开始打印作业之前，请安装USB。",
"str_printer_folder_empty","Folder is empty! Please install a folder with the model you want to print.","Folder is empty! Please install a folder with the model you want to print.","Složka je prázdná! Nainstalujte prosím složku s modelem, který chcete vytisknout.","Ordner ist leer! Bitte installieren Sie einen Ordner mit dem Modell, das Sie drucken möchten.","Папка пуста! Пожалуйста, установите папку с моделью, которую хотите распечатать.","Folder jest pusty! Zainstaluj folder z modelem, który chcesz wydrukować.","A mappa üres! Kérjük, telepítsen egy mappát a nyomtatni kívánt modellel.","La cartella è vuota! Installa una cartella con il modello che si desidera stampare.","¡La carpeta está vacía! Instale una carpeta con el modelo que desea imprimir.","Le dossier est vide! Veuillez installer un dossier avec le modèle que vous souhaitez imprimer.","文件夹是空的！请安装带有您要打印的型号的文件夹。","フォルダーは空です！印刷するモデルのフォルダーをインストールしてください。","Pasta está vazia! Instale uma pasta com o modelo que você deseja imprimir.","文件夹是空的！请安装带有您要打印的型号的文件夹。",
"str_printer_no_filament","Filament not installed! Please install the correct filament for the 3D Print.","Filament not installed! Please install the correct filament for the 3D Print.","Vlákno není nainstalováno! Nainstalujte prosím správné vlákno pro 3D tisk.","Filament nicht installiert! Bitte installieren Sie das richtige Filament für den 3D -Druck.","Филамент не установлен! Пожалуйста, установите правильную нить для 3D -печати.","Filament nie został zainstalowany! Zainstaluj prawidłowy żarnik dla wydruku 3D.","Az izzószál nem telepítve! Kérjük, telepítse a megfelelő szálát a 3D -s nyomtatáshoz.","Filamento non installato! Si prega di installare il filamento corretto per la stampa 3D.","Filamento no instalado! Instale el filamento correcto para la impresión 3D.","Filament non installé! Veuillez installer le filament correct pour l'impression 3D.","细丝未安装！请安装3D打印的正确灯丝。","フィラメントがインストールされていません！ 3Dプリントの正しいフィラメントをインストールしてください。","Filamento não instalado! Instale o filamento correto para a impressão 3D.","细丝未安装！请安装3D打印的正确灯丝。",
"str_printer_not_enough_filament","Not enough filament! Please install a new roll of filament to print this item.","Not enough filament! Please install a new roll of filament to print this item.","Nedostatek vlákna! Pro tisk této položky nainstalujte novou roli vlákna.","Nicht genug Filament! Bitte installieren Sie eine neue Filamentrolle, um diesen Artikel zu drucken.","Недостаточно нить! Пожалуйста, установите новый рулон нити, чтобы распечатать этот элемент.","Za mało filamentu! Zainstaluj nową rolkę filamentu, aby wydrukować ten element.","Nem elég szál! Kérjük, telepítsen egy új szálas tekercset az elem kinyomtatásához.","Non abbastanza filamento! Si prega di installare un nuovo rotolo di filamento per stampare questo articolo.","¡No hay suficiente filamento! Instale un nuevo rollo de filamento para imprimir este artículo.","Pas assez de filament! Veuillez installer un nouveau rouleau de filament pour imprimer cet article.","不够的细丝！请安装新的细丝以打印此物品。","フィラメントが十分ではありません！このアイテムを印刷するために、フィラメントの新しいロールをインストールしてください。","Filamento insuficiente! Instale um novo rolo de filamento para imprimir este item.","不够的细丝！请安装新的细丝以打印此物品。",
"str_printer_wrong_filament","Incorrect filament installed! Please install the correct tier of filament to print this item.","Incorrect filament installed! Please install the correct tier of filament to print this item.","Nainstalováno nesprávné vlákno! Nainstalujte správnou úroveň vlákna pro tisk této položky.","Falsches Filament installiert! Bitte installieren Sie die richtige Filamentebene, um diesen Artikel zu drucken.","Неправильная нить установлена! Пожалуйста, установите правильный уровень нити, чтобы распечатать этот элемент.","Zainstalowany nieprawidłowy filament! Zainstaluj prawidłowy poziom filamentu, aby wydrukować ten element.","Helytelen szálak telepítve! Kérjük, telepítse a szál megfelelő szintjét az elem kinyomtatásához.","Filamento errato installato! Si prega di installare il livello corretto del filamento per stampare questo articolo.","Filamento incorrecto instalado! Instale el nivel correcto del filamento para imprimir este artículo.","Filament incorrect installé! Veuillez installer le niveau correct de Filament pour imprimer cet élément.","安装了不正确的细丝！请安装正确的灯丝层以打印此物品。","誤ったフィラメントがインストールされました！このアイテムを印刷するには、フィラメントの正しい層をインストールしてください。","Filamento incorreto instalado! Instale o nível correto do filamento para imprimir este item.","安装了不正确的细丝！请安装正确的灯丝层以打印此物品。",
"str_printer_no_model","No model selected! Please select a model from the list.","No model selected! Please select a model from the list.","Žádný model je vybrán! Vyberte prosím model ze seznamu.","Kein Modell ausgewählt! Bitte wählen Sie ein Modell aus der Liste.","Не выбрана модель! Пожалуйста, выберите модель из списка.","Brak modelu! Wybierz model z listy.","Nincs kiválasztott modell! Kérjük, válasszon egy modellt a listából.","Nessun modello selezionato! Seleziona un modello dall'elenco.","¡Ningún modelo seleccionado! Seleccione un modelo de la lista.","Aucun modèle sélectionné! Veuillez sélectionner un modèle dans la liste.","没有选择模型！请从列表中选择一个模型。","選択されたモデルはありません！リストからモデルを選択してください。","Nenhum modelo selecionado! Selecione um modelo na lista.","没有选择模型！请从列表中选择一个模型。",
"str_printer_no_space_drop","Not enough space in printer! Item will be dropped on the ground.","Not enough space in printer! Item will be dropped on the ground.","V tiskárně není dost místa! Položka bude upuštěna na zemi.","Nicht genug Platz im Drucker! Gegenstand wird auf den Boden fallen lassen.","Недостаточно места в принтере! Предмет будет сброшен на землю.","Za mało miejsca w drukarce! Przedmiot zostanie upuszczony na ziemię.","Nincs elég hely a nyomtatóban! A tételt a földre dobják.","Non abbastanza spazio nella stampante! L'articolo verrà lasciato cadere a terra.","¡No hay suficiente espacio en la impresora! El artículo se dejará caer en el suelo.","Pas assez d'espace dans l'imprimante! L'article sera abandonné sur le sol.","打印机中没有足够的空间！物品将丢在地面上。","プリンターには十分なスペースがありません！アイテムは地面に落とされます。","Não há espaço suficiente na impressora! O item será descartado no chão.","打印机中没有足够的空间！物品将丢在地面上。",
"str_printer_no_space","Not enough space in printer! Please empty the cargo or make room for the new item.","Not enough space in printer! Please empty the cargo or make room for the new item.","V tiskárně není dost místa! Vyprázdněte náklad nebo si vytvořte prostor pro novou položku.","Nicht genug Platz im Drucker! Bitte leeren Sie die Fracht oder machen Sie Platz für den neuen Artikel.","Недостаточно места в принтере! Пожалуйста, опустошите груз или освободите место для нового предмета.","Za mało miejsca w drukarce! Opróżnij ładunek lub zrobić miejsce na nowy przedmiot.","Nincs elég hely a nyomtatóban! Kérjük, ürítse ki a rakományt, vagy tegyen helyet az új cikkhez.","Non abbastanza spazio nella stampante! Svuota il carico o fai spazio per il nuovo articolo.","¡No hay suficiente espacio en la impresora! Vacíe la carga o haga espacio para el nuevo artículo.","Pas assez d'espace dans l'imprimante! Veuillez vider la cargaison ou faire de la place pour le nouvel article.","打印机中没有足够的空间！请清空货物或为新物品腾出空间。","プリンターには十分なスペースがありません！貨物を空にしたり、新しいアイテムのスペースを作ってください。","Não há espaço suficiente na impressora! Esvazie a carga ou abre espaço para o novo item.","打印机中没有足够的空间！请清空货物或为新物品腾出空间。",
"str_printer_printing_item","Printing Item - {0}","Printing Item - {0}","Položka tisku - {0}","Druckelement - {0}","Печать элемента - {0}","Drukowanie pozycji - {0}","Nyomtatási elem - {0}","Elemento da stampa - {0}","Artículo de impresión - {0}","Élément d'impression - {0}","打印项目 -  {0}","印刷アイテム -  {0}","Item de impressão - {0}","打印项目 -  {0}",
"str_printer_queue_empty","Print queue empty. Printer is idle!","Print queue empty. Printer is idle!","Tisk fronty prázdné. Tiskárna je nečinná!","Drucken Sie die Warteschlange leer. Drucker ist im Leerlauf!","Печатная очередь пусто. Принтер холостое!","Wydrukuj kolejkę pustą. Drukarka jest bezczynna!","Nyomtatja ki a sorát. A nyomtató tétlen!","Stampa la coda vuota. La stampante è inattiva!","Imprima la cola vacía. ¡La impresora está inactiva!","Print la file d'attente vide. L'imprimante est inactive!","打印队列空。打印机是空闲的！","キューを空に印刷します。プリンターはアイドル状態です！","Imprima a fila vazia. A impressora está ociosa!","打印队列空。打印机是空闲的！",
"str_printer_cancelled","Printing on current item cancelled.","Printing on current item cancelled.","Tisk na aktuální položku zrušen.","Drucken auf dem aktuellen Artikel storniert.","Печать на текущем элементе отменен.","Drukowanie na bieżącym elemencie anulowanym.","Nyomtatás az aktuális elemre törölt.","Stampa sull'elemento corrente annullato.","Impresión en el artículo actual cancelado.","Impression sur l'article actuel annulé.","在当前物品上打印已取消。","現在のアイテムへの印刷はキャンセルされました。","Impressão no item atual cancelado.","在当前物品上打印已取消。",
"str_printer_cannot_remove_current","Cannot remove the currently printing item from the queue.","Cannot remove the currently printing item from the queue.","Nelze odstranit aktuálně tiskovou položku z fronty.","Das aktuell Druckelement kann nicht aus der Warteschlange entfernen.","Не удается удалить в данный момент печать из очереди.","Nie można usunąć aktualnie drukowania z kolejki.","Nem lehet eltávolítani a jelenleg nyomtatási elemet a sorból.","Impossibile rimuovere l'elemento di stampa attualmente dalla coda.","No se puede eliminar el elemento de impresión actualmente de la cola.","Impossible de supprimer l'élément d'impression actuellement de la file d'attente.","无法从队列中删除当前打印项目。","現在の印刷アイテムをキューから削除できません。","Não é possível remover o item de impressão atualmente da fila.","无法从队列中删除当前打印项目。",
"str_printer_invalid_queue_index","Invalid queue item index.","Invalid queue item index.","Neplatný index položek fronty.","Ungültiger Warteschlangenelementindex.","Индекс недопустимого элемента очереди.","Nieprawidłowy indeks elementów kolejki.","Érvénytelen sor tétel index.","Indice di articolo in coda non valida.","Índice de elemento de cola no válido.","Index d'élément de file d'attente non valide.","无效队列项目索引。","無効なキューアイテムインデックス。","Índice de itens de fila inválido.","无效队列项目索引。",
"str_printer_printing_finished","Printing finished on item - {0}","Printing finished on item - {0}","Tisk dokončený na položce - {0}","Drucken auf Element fertiggestellt - {0}","Печать закончена на элементе - {0}","Drukowanie zakończone na elemencie - {0}","A nyomtatás befejezve az elemre - {0}","Stampa finita su articolo - {0}","Impresión terminada en el artículo - {0}","Impression terminée sur l'article - {0}","在项目上完成打印 -  {0}","アイテムで終了した印刷 -  {0}","Impressão terminada no item - {0}","在项目上完成打印 -  {0}",
